,419.89,148.02,389.56,164.77,253.2,730.81,99.25,133.68,305.43,514.11,357.21,209.87,37.67,251.81,246.09,126.3,263.11,35.54,46.58,160.63,263.39,237.85,49.52,570.84,18.22,257.63,52.26,274.52,268.75,415.65,483.78,841.9,700.47,203.38,723.44,302.55,491.63,312.59,647.22,688.93,780.45,189.22,1052.05,630.37,93.46,500.97,33,440.43,310.35,491.24,143.66,330.6,235.4,248.16,489.52,284,855.37,365.41,317.18,221.25,308.09,121.42,74.64,65.69,757.18,101.06,238.62,248.54,169.98,418.99,286.28,117.56,169.22,186.73,695.53,273.79,516.33,387.89,804.59,289.16,289.34,197.15,292.89,76.63,102.7,485.14,128.28,302.32,104.71,300.62,395.98,577.69,365.96,433.05,326.48,153.31,387.54,712.02,351.35,206.33,409.86
417.11,,564.76,123.84,537.04,180.49,491.36,510.86,287.41,131.6,223.72,725.67,578.33,449.28,188.61,242.7,543.04,674.72,391.02,458.19,572.24,675,649.46,457.91,241.45,401.39,172.06,378.47,275.49,148.31,327.35,272.72,459.24,317.8,614.99,303.67,151.27,308.17,136.96,558.92,449.48,397.78,457.87,669.39,247.7,505.07,412.67,447.26,488.57,321.84,96.63,277.1,182.77,184.66,659.77,389.4,695.61,472.7,190.95,685.63,205.33,113.53,533.03,486.25,362.58,374.51,319.27,650.23,660.15,257.42,434.96,697.89,306.34,303.31,359.36,462.03,164.83,133.66,164.98,421.93,161.11,132.44,347.71,166.78,489.15,413.28,219.43,313.03,670.78,406.1,216.56,236.53,337.36,242.49,332.93,300.72,564.92,356.3,472.57,85.64,222.8,226.39
149.54,568.08,,507.16,265,401.4,823.6,169.86,281.88,453.63,662.31,450.32,310.1,125.6,400.01,394.28,27.48,353.9,183.74,147.26,251.42,358.06,332.51,110,719.04,169.01,405.83,181.64,367.31,416.94,404.88,631.97,882.11,752.01,294.17,871.64,450.74,584.42,460.79,498.32,781.72,831.99,337.41,1103.6,726.43,184.25,365.73,185.93,296.07,458.55,639.44,291.85,478.79,383.6,342.82,637.72,378.66,906.91,458.2,417.4,369.45,456.28,212.21,165.43,195.23,808.72,249.26,333.29,321.1,318.17,567.19,380.94,265.75,317.42,259.31,788.32,421.98,664.53,536.09,844.8,437.36,437.54,345.34,441.09,176.85,178.57,581.06,276.48,392.98,252.9,448.82,544.17,670.48,514.16,581.25,474.68,247.97,535.74,804.81,499.55,354.52,502.64
386.64,123.84,506.63,,506.57,157.88,423.51,480.39,256.93,109.42,272.46,703.59,556.25,418.8,149.17,226.81,484.91,644.24,360.55,427.72,541.77,644.53,618.98,409.47,329.19,370.92,132.62,347.99,161.21,126.14,205.25,274.88,458.38,316.94,584.52,427.4,129.2,184.33,114.78,436.82,381.62,396.93,435.8,668.53,246.84,474.6,290.58,416.78,366.48,299.77,220.36,246.63,160.7,155.53,629.3,368.82,665.13,471.85,67.11,663.56,174.86,91.36,502.56,455.78,332.11,373.65,288.8,619.76,629.68,226.95,412.89,667.42,275.87,194.37,248.85,388.23,142.76,205.76,146.24,421.07,91.66,110.27,317.24,86.62,458.68,329.57,99.77,235.69,648.7,375.62,194.49,217.79,270.39,221.91,312.35,262.4,534.45,334.23,404.72,38.43,192.32,102.55
163.55,536.45,265.23,506.12,,343.66,879.67,162.7,276.89,398.37,519.95,195.74,48.4,142.9,368.37,275.94,243.51,270.72,195.11,123.55,205.52,177.53,201.58,173.83,576.68,180.29,374.19,211.82,421.08,385.31,562.21,483.69,958.46,817.03,214.29,828.51,375.62,640.5,394.39,793.78,837.79,897.01,158.56,1168.61,746.93,143.64,647.53,149.85,557.64,289.04,539.63,267.86,365.59,351.96,190.89,489.44,230.29,971.93,514.28,155.71,333.25,424.65,166.31,138.09,226.33,873.74,246.72,172.83,265.07,280.88,377.91,212.63,269.35,315.78,347.55,844.4,355.4,632.89,475.29,921.15,405.72,405.9,190.09,409.45,91.08,263.33,601.7,292.23,140.85,158.87,316.81,395.89,726.56,382.98,432.97,326.4,115.66,387.46,860.88,467.91,318.33,558.72
251.56,181.51,399.21,158.1,343.79,,531.66,345.32,121.86,69.45,264.73,545.91,398.57,283.73,36.32,68.15,377.49,509.17,225.47,292.64,406.69,527.7,483.91,292.36,321.46,235.84,26.17,212.92,123.21,25.62,230.18,257.75,610.45,469.01,449.45,485.06,53.16,292.48,63.21,461.75,489.77,548.99,278.11,820.6,398.91,339.52,315.5,281.71,391.4,140.49,241.86,111.55,81.21,19.12,494.22,263.5,530.06,623.91,166.26,505.87,39.78,69.71,367.48,320.7,197.03,525.72,153.72,484.68,494.6,91.87,265.94,532.34,140.8,130.52,204.93,496.38,24.41,284.87,138.51,573.14,57.7,50.96,154.03,61.44,310.67,247.73,253.69,147.48,491.02,227.62,54.91,169.95,378.54,116.58,207.03,122.83,399.37,194.65,512.87,119.89,57.25,210.7
728.26,490.5,822.68,422.64,879.33,530.64,,808.55,618.63,500.36,713.2,1076.35,929.01,758.95,521.92,599.57,800.95,985.87,702.17,769.34,883.39,986.15,960.61,725.52,730.93,712.54,505.38,689.61,455.89,498.98,423.39,693.37,168.41,219.73,926.14,793.15,501.95,240.21,505.72,228.86,43.07,226.82,808.56,505.5,242.96,816.22,372.21,758.41,434.38,672.53,586.1,609.56,533.46,528.29,970.92,741.58,1006.75,308.81,366.37,1036.32,547.61,484.12,844.18,797.4,673.73,249.27,637.88,961.38,959.79,599.71,785.65,1009.04,624.7,562.28,564.89,64.1,515.52,360.06,568.88,131.09,470.91,483.11,690,465.86,807.76,645.62,383.47,603.59,1021.46,724.7,567.25,604.84,152.93,594.67,685.11,635.16,876.07,706.99,23.64,461.06,565.08,323.86
99.54,512.99,170.65,482.66,151.69,346.31,809.45,,226.79,398.54,656.08,308.96,196.79,72.06,344.91,339.19,148.93,246.15,128.65,72.5,110.06,216.7,191.15,85.6,712.81,113.92,350.74,145.37,353.16,361.85,494.29,619.83,867.96,793.57,152.81,816.55,395.65,570.28,405.7,725.86,767.57,873.56,273.57,1145.16,723.47,41.41,579.61,118.02,463.06,425.17,584.35,236.76,423.7,328.51,201.46,625.57,237.3,948.48,444.06,304.09,314.36,401.19,70.85,26.67,158.8,850.28,194.17,191.93,154.98,263.08,514.04,239.58,210.66,262.33,245.17,774.18,366.89,609.44,481,830.65,382.26,382.45,291.17,386,103.32,164.43,566.91,221.39,251.62,189.06,393.73,532.02,656.33,459.07,569.1,462.53,106.61,523.59,790.66,444.46,299.43,488.5
131.43,287.64,279.08,257.31,276.9,120.96,619.26,225.18,,173.19,406.14,469.34,322,163.6,119.56,113.84,257.36,389.04,105.34,172.51,286.56,389.32,363.78,172.23,462.88,115.71,125.39,92.79,162.97,136.5,304.1,369.89,709.66,568.22,329.31,591.2,170.3,380.08,180.35,535.67,577.38,648.21,218.38,919.81,498.12,219.39,389.42,161.58,433.38,175.24,359,10.89,198.35,103.16,374.09,375.63,409.93,723.13,253.86,429.3,89.01,175.84,247.35,200.57,76.9,624.93,33.59,364.55,374.47,37.73,299.1,412.21,15.09,57.67,91.59,583.98,141.54,384.09,255.65,672.35,156.92,157.1,87.57,160.65,203.47,127.6,352.9,27.35,414.45,120.42,168.38,282.09,466.14,233.72,319.16,212.59,279.24,273.65,600.47,219.11,74.08,298.31
303.29,131.29,450.93,109.38,398.47,70.75,501.16,397.04,173.58,,209.28,624.67,477.33,335.45,88.15,122.83,429.21,560.89,277.2,344.37,458.42,606.45,535.63,344.08,266.01,287.57,71.61,264.64,175.03,39.2,232.39,222.55,561.7,420.26,501.17,403.85,26.61,261.99,5.47,463.96,459.28,500.25,356.87,771.85,350.16,391.25,317.72,333.43,393.62,220.84,186.41,163.28,58.11,70.84,545.95,270.62,581.78,575.16,135.77,584.63,91.5,18.46,419.21,372.43,248.76,476.97,205.45,536.41,546.33,143.6,333.94,584.07,192.52,202.85,258.9,465.89,50.66,236.13,83.06,524.39,66.15,36.94,208.7,71.83,365.35,299.46,204.97,199.2,569.78,282.29,97.07,134.02,348.05,123.7,214.14,181.94,451.1,255.28,482.37,71.17,108.97,180.21
517.76,223.72,665.41,272.4,519.82,265.91,714.05,655.56,406.13,209.16,,637.98,490.64,549.93,298.77,274.19,643.69,712.96,491.67,588.06,686.33,619.76,643.81,558.56,59.7,502.04,282.23,479.11,385.66,241.17,443.02,51.97,681.93,540.49,683.01,417.66,224.14,456.73,203.69,674.59,672.17,620.48,370.18,892.08,470.39,649.77,528.34,535.78,604.25,234.15,128.79,396.31,189.34,280.5,633.12,172.18,672.52,695.39,346.39,597.94,301.16,227.52,677.73,630.95,463.23,597.2,419.92,615.06,733.79,350.75,255.45,654.87,424.07,413.48,469.53,684.72,245.82,356.36,126.42,644.62,276.78,247.57,365.15,282.45,555.59,513.93,367.99,413.68,583.09,453.26,224.64,124.78,560.05,177.38,112.92,195.24,653.39,174.62,695.26,234.19,313.62,374.95
355.86,724.32,450.88,702.52,195.69,545.67,1076.08,308.54,469.2,624.3,637.9,,166.36,335.21,560.68,477.95,429.16,188.01,387.42,315.86,189.28,94.81,118.87,366.14,694.63,372.61,566.5,404.14,613.39,575.99,754.52,601.65,1154.87,1013.43,158.06,946.46,601.54,836.9,620.32,986.09,1034.19,1093.41,276.52,1365.02,943.33,268.58,839.84,342.17,743.29,406.99,657.59,460.18,561.32,544.28,108.17,482.29,147.57,1168.33,710.68,59.4,530.16,612.52,228.39,290.92,418.64,1070.14,439.03,122.19,208.84,473.19,394.75,129.92,461.67,508.09,539.87,1040.8,565.37,829.29,593.24,1117.56,598.03,596.63,382.41,601.77,283.39,455.64,798.11,484.54,58.14,351.19,510.37,513.85,922.96,500.94,550.92,444.35,202.15,505.41,1057.28,664.31,517.37,755.12
212.96,581.41,314.64,559.61,52.79,402.76,933.17,212.11,326.3,481.39,494.99,161.9,,192.31,417.77,335.04,292.92,236.88,244.51,172.95,210.26,143.69,167.74,223.23,551.73,229.7,423.6,261.23,470.49,433.08,611.61,458.74,1011.96,870.52,206.94,803.56,458.63,693.99,477.41,843.18,891.29,950.51,133.61,1222.11,800.42,193.05,696.94,199.26,607.05,264.09,514.68,317.27,418.41,401.37,157.05,464.48,196.45,1025.42,567.77,107.3,387.25,469.62,215.71,187.5,275.73,927.23,296.12,138.99,257.72,330.29,352.95,178.79,318.76,365.19,396.96,897.89,422.46,686.39,450.33,974.65,455.13,453.72,239.5,458.86,140.48,312.74,655.2,341.64,107.01,208.28,367.46,370.94,780.05,358.03,408.01,301.44,165.06,362.5,914.38,521.41,374.46,612.21
38.11,451.56,127.09,421.23,142.63,284.88,762.49,71.34,165.36,337.11,545.79,335.07,187.73,,283.49,277.76,105.37,235.19,67.22,20.16,132.72,239.35,213.81,35.98,602.52,52.49,289.31,83.94,306.2,300.42,447.33,515.45,873.58,732.14,175.47,755.12,334.22,523.31,344.27,678.9,720.6,812.13,224.74,1083.73,662.04,65.55,532.65,64.01,419.5,342.03,522.92,175.33,362.27,267.08,224.12,521.2,259.95,887.05,397.09,295.04,252.93,339.77,93.51,46.73,97.37,788.85,132.74,214.58,220.63,201.65,450.67,262.24,149.23,200.9,195.66,727.21,305.46,548.01,419.57,836.27,320.84,321.02,228.82,324.57,54.49,114.92,516.82,159.96,280.18,140.23,332.3,427.65,609.37,397.64,464.73,358.16,129.27,419.22,743.7,383.03,238,441.53
249.15,194.26,396.8,149.43,369.08,35.75,522.99,342.91,119.45,88.42,299.05,561.53,414.19,281.32,,89.33,375.08,506.76,223.07,290.23,404.29,507.05,481.5,289.95,355.78,233.43,17.5,210.51,87.26,51.3,221.51,289.69,601.78,460.34,447.04,497.81,85.68,283.81,93.78,453.08,481.1,540.32,310.56,811.93,390.24,337.12,306.83,279.3,382.73,161.67,290.77,109.15,117.18,18.05,491.81,295.43,527.65,615.24,157.59,521.49,37.37,76.93,365.07,318.3,194.62,517.05,151.32,482.28,492.19,89.47,287.12,529.93,138.39,115.08,171.12,487.71,56.34,276.2,172.83,564.47,49.03,58.19,179.76,52.77,321.19,251.85,245.02,145.07,506.63,238.14,95.13,201.89,369.87,148.51,238.96,163.04,396.96,230.78,504.2,111.22,54.84,202.03
243.84,241.86,391.48,220.05,275.88,67.99,593.61,337.59,114.13,122.7,274.19,478.01,330.67,276,89.37,,369.76,512.49,217.75,284.92,398.97,459.79,440.98,284.63,330.92,228.12,95.19,205.19,176.25,93.53,299.19,237.94,672.4,530.96,455.07,514.82,99.95,354.43,118.72,530.76,551.73,610.95,210.21,882.55,460.86,331.8,384.51,238.83,460.42,72.59,253.34,103.83,103.56,71.93,473.15,243.68,512.55,685.87,228.21,437.97,52.48,130.06,359.76,312.98,189.31,587.67,146,455.09,486.88,76.83,198.04,494.9,133.07,125.68,197.2,558.33,79.74,346.83,167.07,635.09,126.72,114.17,86.12,130.45,258.64,240.01,315.64,139.75,423.11,175.59,54.78,150.14,440.49,137.22,187.21,80.64,356.44,141.7,574.82,181.85,39.69,272.66
126.23,544.77,27.03,483.85,241.68,378.08,800.29,146.55,258.57,430.32,638.99,427.01,286.78,102.28,376.69,370.97,,330.58,160.43,123.95,228.11,334.74,309.2,86.68,695.73,145.7,382.52,158.32,344,393.63,485.12,608.66,858.79,728.7,270.86,848.33,427.43,561.11,437.47,521.68,758.4,808.68,314.1,1080.28,703.12,160.94,389.09,162.62,319.43,435.24,616.13,268.54,455.48,360.29,319.51,614.4,355.34,883.6,434.89,394.09,346.14,432.97,188.9,142.12,171.91,785.4,225.95,309.97,297.78,294.86,543.88,357.63,242.44,294.1,236,765.01,398.67,641.22,512.78,821.48,414.04,414.23,322.03,417.78,153.54,155.26,557.74,253.17,369.66,229.59,425.51,520.86,647.17,490.85,557.93,451.36,224.66,512.42,781.49,476.23,331.21,479.33
262.45,675.91,355.04,645.58,270.78,509.22,986.83,246.12,389.71,561.46,712.99,188,241.45,234.98,507.83,514.67,333.32,,291.57,235.42,102.96,91.12,87.84,269.99,769.72,276.84,513.66,308.28,530.55,524.77,671.67,676.74,1097.93,956.49,61.49,979.47,558.57,747.66,568.61,903.24,944.95,1036.47,351.61,1308.08,886.39,172.95,756.99,292.96,647.45,482.08,732.68,399.68,636.41,491.43,77.03,682.48,43.15,1111.39,621.44,246.71,477.28,564.11,142.07,195.08,321.71,1013.2,357.09,106.59,92.27,426,570.95,61.06,373.58,425.24,442.76,951.56,529.81,772.36,668.33,1060.62,545.18,545.37,446.83,548.92,258.99,348.82,741.17,384.31,130.66,344.73,585.46,588.94,833.71,576.02,626.01,519.44,158.36,580.5,968.04,607.37,462.35,665.88
34.08,392.82,181.73,362.49,195.21,226.13,703.74,127.84,106.61,278.36,487.04,387.65,240.31,66.25,224.74,219.02,160.01,291.69,,75.16,189.22,291.98,266.43,74.82,543.77,17.99,230.56,14.26,247.45,241.68,388.58,456.71,814.83,673.4,231.97,696.37,275.48,464.56,285.52,620.15,661.86,753.38,195.51,1024.98,603.29,122.05,473.9,64.23,498.18,283.28,464.17,116.58,303.52,208.33,276.74,462.45,312.58,828.3,338.34,347.61,194.18,281.02,150,103.23,25.35,730.11,73.99,267.21,277.12,142.91,391.92,314.86,90.49,142.15,159.66,668.46,246.72,489.26,360.82,777.52,262.09,262.27,170.08,265.82,105.21,64.54,458.07,101.21,332.76,98.05,273.55,368.91,550.62,338.89,405.98,299.41,181.89,360.47,684.95,324.28,179.26,382.78
45.52,458.98,147.88,428.65,122.81,292.29,769.9,72.85,172.77,344.53,587.42,315.25,167.91,20.14,290.9,285.18,126.16,236.71,74.64,,134.23,221.43,195.88,59.68,644.16,59.91,296.72,91.35,313.62,307.84,454.74,551.17,881,739.56,176.98,762.54,341.64,530.73,351.68,686.31,728.02,819.54,204.91,1091.15,669.46,67.06,540.06,49.61,440.29,356.52,530.34,182.75,369.69,274.5,206.2,556.91,242.03,894.46,404.51,275.21,260.34,347.18,95.02,48.24,104.78,796.27,140.16,196.66,222.14,209.07,445.38,244.32,156.65,208.31,225.82,734.63,312.88,555.42,426.98,843.69,328.25,328.43,222.51,331.99,34.66,141.79,524.24,167.38,260.36,120.4,349.22,463.37,616.78,450.46,500.44,393.87,111.34,454.93,751.11,390.44,245.42,448.95
159.49,572.95,252.08,542.62,204.17,406.26,883.87,109.74,286.74,458.5,686.59,189.68,215.05,132.02,404.87,399.15,230.36,103.32,188.6,132.46,,97.42,71.87,167.02,743.32,173.88,410.69,205.32,427.58,421.81,568.71,650.34,994.97,853.53,43.6,876.51,455.61,644.7,465.65,800.28,841.99,933.51,333.53,1205.12,783.43,69.99,654.03,177.98,544.49,455.68,644.3,296.72,483.66,388.47,82.19,656.08,118.02,1008.43,518.48,248.39,374.31,461.15,39.11,92.11,218.75,910.24,254.12,72.66,86.64,323.04,544.55,120.3,270.62,322.28,339.79,848.59,426.85,669.39,540.95,957.66,442.22,442.4,351.12,445.96,163.27,245.85,638.21,281.34,132.34,249.01,453.68,562.54,730.75,519.03,599.61,493.04,77.44,554.1,865.08,504.41,359.39,562.92
262.12,675.58,358.81,645.25,177.7,527.68,986.5,216.47,389.37,606.31,619.91,94.92,148.37,238.75,507.5,459.96,337.09,91.36,291.23,222.12,97.21,,26.79,273.76,676.64,276.51,513.32,307.95,530.21,524.44,671.34,583.66,1097.6,956.16,65.99,928.47,583.55,747.33,602.32,902.91,944.62,1036.14,258.53,1307.75,886.06,176.51,756.66,244.68,651.22,389,639.6,399.35,543.33,491.1,16.1,589.4,50.93,1111.06,621.11,153.63,476.94,563.78,136.32,198.85,321.38,1012.87,356.76,30.57,116.77,425.67,477.87,32.52,373.25,424.91,442.42,951.23,547.38,772.02,575.25,1060.29,544.85,545.03,364.42,548.59,210.7,352.59,740.84,383.98,37.58,296.44,492.37,495.86,833.38,482.94,532.93,426.36,110.08,487.42,967.71,607.04,462.02,665.55
236.5,649.96,333.19,619.63,201.82,483.27,960.88,190.85,363.75,535.5,644.03,119.04,172.48,213.12,481.88,440.76,311.47,87.81,265.61,196.5,71.58,26.77,,248.13,700.76,250.89,487.7,282.33,504.59,498.82,645.72,607.77,1071.97,930.54,40.36,952.59,524.88,721.7,542.66,877.29,919,1010.52,282.64,1282.12,860.43,150.89,731.04,219.05,625.59,413.12,663.71,373.72,567.45,465.47,11.54,613.52,47.38,1085.44,595.48,177.74,451.32,538.16,110.7,173.22,295.76,987.24,331.13,24.38,91.15,400.05,501.99,49.66,347.63,399.29,416.8,925.6,503.86,746.4,599.37,1034.66,519.23,519.41,372.93,522.96,185.08,326.96,715.21,358.35,61.69,270.82,516.49,519.97,807.76,507.06,557.05,450.48,84.45,511.54,942.09,581.42,436.4,639.92
45.12,460.75,109.68,409.93,173.79,294.07,726.36,85.62,174.55,346.3,554.97,366.23,218.89,35.82,292.67,286.95,87.96,269.66,74.8,56.06,167.18,273.82,248.27,,611.71,59.93,298.5,84.4,270.08,309.61,411.2,524.64,784.87,654.77,209.94,764.31,343.41,487.19,353.46,642.77,684.48,734.76,238.88,1006.36,629.2,100.01,496.52,87.39,402.09,351.22,532.11,184.52,371.46,276.27,258.58,530.39,294.42,809.68,360.97,326.19,262.12,348.95,127.97,81.19,97.99,711.48,141.93,249.05,236.86,210.84,459.86,296.7,158.42,210.09,162.08,691.09,314.65,557.2,428.76,747.56,330.02,330.21,238.01,333.76,85.65,81.34,483.82,169.15,308.74,154.37,341.49,436.84,573.25,406.83,473.92,367.35,163.73,428.41,707.57,392.22,247.19,405.41
574.45,241.41,722.1,329.09,576.52,322.6,731.74,712.26,462.82,265.85,59.66,694.67,547.33,606.62,355.47,330.89,700.38,769.65,548.37,644.76,743.03,676.46,700.51,615.25,,558.73,338.92,535.81,442.35,297.87,499.71,108.66,699.62,558.18,739.7,435.35,280.83,513.42,260.39,731.28,689.86,638.17,426.87,909.77,488.08,706.47,585.04,592.47,660.94,290.84,146.48,453.01,246.03,337.19,689.81,165.75,729.21,713.09,403.09,654.63,357.86,284.21,734.42,687.64,519.92,614.89,476.62,671.76,790.49,407.44,312.15,711.56,480.76,470.17,526.22,702.41,302.52,374.05,183.11,662.31,333.47,304.26,421.85,339.15,612.28,570.63,424.68,470.37,639.78,509.95,281.33,181.48,577.75,234.08,169.61,251.94,710.09,231.32,712.95,290.89,370.31,431.64
19.15,403.02,166.79,372.69,180.18,236.34,713.95,112.9,116.82,288.57,497.25,372.62,225.28,51.31,234.94,229.22,145.07,276.75,17.99,60.23,174.28,277.04,251.49,68.29,553.98,,240.77,31.51,257.66,251.88,398.78,466.91,825.04,683.6,217.03,706.58,285.68,474.77,295.73,630.35,672.06,763.59,183.76,1035.19,613.5,107.11,484.11,49.21,508.39,293.49,474.38,126.79,313.73,218.54,261.81,472.66,297.64,838.51,348.55,332.59,204.39,291.22,135.07,88.29,42.59,740.31,84.2,252.27,262.19,153.11,402.13,299.93,100.69,152.36,169.87,678.67,256.92,499.47,371.03,787.73,272.29,272.48,180.28,276.03,90.27,85.83,468.28,111.42,317.73,99.25,283.76,379.11,560.83,349.1,416.19,309.62,166.96,370.68,695.15,334.49,189.46,392.99
254.96,177.66,402.61,132.83,374.9,26.21,506.39,348.72,125.26,71.83,282.45,567.34,420,287.13,17.49,95.14,380.89,512.57,228.88,296.04,410.1,512.86,487.31,295.76,339.19,239.24,,216.32,104.38,41.5,204.91,260.5,585.18,443.74,452.85,481.22,69.08,267.22,77.19,436.48,464.51,523.73,316.38,795.33,373.64,342.93,290.24,285.11,366.14,167.48,274.18,114.96,100.59,23.86,497.63,286.22,533.46,598.65,141,527.3,43.18,60.34,370.88,324.11,200.43,500.45,157.13,488.09,498.01,95.28,292.93,535.74,144.2,132.2,188.25,471.12,47.12,259.61,156.24,547.87,32.44,41.59,185.57,36.17,327,251.14,228.42,150.88,512.45,243.95,85.91,171.97,353.27,139.3,229.75,153.83,402.77,225.65,487.6,94.63,60.65,185.44
50.67,381.33,181.58,351,211.79,214.64,692.25,144.42,95.13,266.88,475.55,404.23,256.89,82.83,213.25,207.53,159.86,308.28,14.26,91.75,205.8,308.56,283.02,84.42,532.29,31.51,219.08,,235.97,230.19,377.09,445.22,803.35,661.91,248.55,684.89,263.99,453.08,274.03,608.66,650.37,741.89,186.32,1013.5,591.81,138.63,462.41,80.82,475.48,271.8,452.69,105.1,292.04,196.85,293.33,450.96,329.17,816.81,326.86,364.2,182.7,269.53,166.59,119.81,17.03,718.62,62.51,283.79,293.71,131.42,380.43,331.45,79,130.66,136.96,656.98,235.23,477.78,349.34,766.04,250.6,250.79,158.59,254.34,121.8,56.22,446.59,89.73,349.34,88.86,262.07,357.42,539.13,327.41,394.49,287.92,198.48,348.98,673.46,312.79,167.77,371.3
273.25,281.14,367.28,161.73,421.66,122.64,456.74,353.15,163.62,175.31,385.93,614.1,466.76,303.56,87.26,176.22,345.56,530.86,247.16,314.33,428.38,531.14,505.6,270.12,442.67,257.53,104.39,234.61,,138.18,141.57,376.57,515.24,385.15,471.14,584.7,172.56,217.56,180.67,373.14,414.85,465.13,363.14,736.73,359.57,361.21,226.9,303.4,302.8,248.56,377.66,154.55,204.07,104.93,515.91,382.32,551.75,540.05,91.34,574.06,124.26,163.82,389.17,342.39,218.72,441.85,182.87,506.37,504.39,148.09,374.01,554.03,169.69,107.27,109.49,421.46,143.22,363.09,259.72,477.93,106.1,145.07,232.33,100.54,352.75,190.22,214.19,148.58,559.21,269.69,182.01,288.77,303.62,235.4,325.85,249.93,421.06,317.67,437.94,198.11,141.72,135.78
266.99,147.85,414.63,125.94,386.92,25.97,499.63,360.74,137.28,38.95,241.58,575.88,428.54,299.15,51.75,93.61,392.91,524.59,240.9,308.06,422.12,524.88,499.33,307.78,298.32,251.26,42,228.34,138.63,,202.92,243.54,578.26,436.82,464.87,451.41,30.02,260.46,40.07,434.49,457.75,516.8,308.09,788.41,366.72,354.95,288.24,297.13,364.14,172.06,218.72,126.98,61.52,34.54,509.65,249.28,545.48,591.72,134.24,535.85,55.2,36.05,382.91,336.13,212.45,493.53,169.15,500.11,510.03,107.3,285.18,547.77,156.22,145.94,220.35,464.36,14.82,252.68,115.37,540.95,31.52,17.3,197.59,42.35,339.03,263.16,221.52,162.9,520.99,255.97,66.78,155.74,346.51,102.36,192.81,134.69,414.8,206.52,480.84,87.73,72.67,178.68
413.6,327.32,404.72,196.89,562.01,229.27,424.54,493.89,303.97,232.4,443.03,754.45,607.11,444.3,220.55,298.2,486.3,671.21,387.51,454.68,568.73,671.49,645.95,410.86,499.76,397.88,204.01,374.96,141.24,202.99,,425.42,483.05,352.95,611.48,630.88,234,185.36,237.77,231.84,382.66,432.93,503.48,704.54,327.37,501.56,85.6,443.75,161.5,374.01,423.84,294.9,265.5,226.92,656.26,443.77,692.1,507.85,130.7,714.41,246.24,216.17,529.52,482.74,359.07,409.66,323.22,646.72,645.13,288.44,487.13,694.38,310.04,247.62,250.23,389.26,217.45,296.22,316.81,445.74,171.37,197.43,372.68,166.32,493.1,330.96,182,288.93,699.56,410.04,268.73,336.89,271.42,296.86,387.3,336.64,561.41,408.47,405.75,244.29,263.71,106.7
481.51,272.72,629.15,274.84,483.57,258.4,694.14,619.31,369.88,222.43,51.97,601.72,454.38,513.67,290.19,237.94,607.43,676.7,455.42,551.81,650.08,583.51,607.56,522.3,108.7,465.79,259.88,442.86,377.08,243.07,415.4,,730.93,589.49,646.76,466.66,195.23,454.96,216.96,646.97,652.26,669.48,333.93,941.08,519.39,613.52,500.73,499.52,576.63,197.9,177.79,360.06,161.41,272.99,596.87,120.98,636.27,744.39,328.74,561.69,293.65,230.59,641.48,594.7,426.98,646.2,383.67,578.81,697.54,314.5,204.26,618.62,387.82,363.35,434.87,658.86,233.37,405.36,128.86,693.62,249.78,229.92,328.9,254.84,519.34,477.68,370.43,377.42,546.83,417.01,207.07,88.53,541.02,141.13,61.72,158.99,617.14,123.43,675.35,236.64,277.36,373.18
838.98,459.22,882.63,458.39,958.91,610.22,157.82,868.51,709.28,561.77,681.91,1155.94,1008.6,871.15,601.51,679.16,860.91,1096.59,812.89,880.06,994.11,1096.87,1071.33,785.47,699.65,823.26,584.97,800.34,515.85,578.48,483.35,727.22,,144.09,1036.86,761.87,581.54,300.17,567.13,303.85,115.93,58.99,888.14,337.66,211.68,926.94,447.2,869.13,509.36,752.11,554.82,698.97,613.04,607.87,1081.64,821.17,1117.48,140.98,426.33,1115.9,627.2,543.7,954.9,908.12,784.45,81.44,741.14,1072.1,1019.74,679.29,865.23,1119.76,728.21,622.24,624.85,95.55,595.1,328.77,598.58,55.45,568.58,562.61,769.58,574.25,911.02,705.57,358.86,663.55,1101.05,827.97,646.83,670.13,212.89,674.25,764.69,714.75,986.79,786.57,139.03,493.11,644.66,383.81
697.54,317.78,752.02,316.95,817.47,468.78,209.68,791.3,567.84,420.33,540.48,1014.5,867.16,729.71,460.07,537.72,730.3,955.15,671.45,738.62,852.68,955.44,929.89,654.86,558.21,681.82,443.53,658.9,385.24,437.04,352.74,585.78,144.62,,895.43,620.43,440.1,169.56,425.69,355.71,167.79,92.02,746.7,363.62,70.24,785.51,438.06,727.69,513.96,610.67,413.38,557.53,471.6,466.43,940.2,679.73,976.04,166.94,295.72,974.46,485.76,402.26,813.46,766.68,643.01,68.74,599.71,930.67,940.58,537.85,723.79,978.32,586.78,491.63,494.24,147.41,453.66,187.34,457.15,107.31,427.14,421.17,628.15,432.81,769.58,574.96,217.42,532.94,959.61,686.53,505.39,528.69,82.58,532.81,623.26,573.31,845.35,645.13,190.89,351.67,503.23,253.2
202.34,615.8,294.93,585.47,216.5,449.11,926.72,152.59,329.59,501.34,683.42,158.44,211.88,174.86,447.72,457.28,273.21,61.49,231.45,175.31,42.85,66.17,40.62,209.87,740.16,216.73,453.54,248.17,470.43,464.66,611.56,647.17,1037.81,896.38,,919.35,498.46,687.54,508.5,843.13,884.84,976.36,322.04,1247.96,826.28,112.84,696.88,235.57,587.33,452.52,703.11,339.57,526.51,431.31,50.94,652.92,86.77,1051.28,561.32,217.14,417.16,504,81.96,134.96,261.6,953.09,296.97,62.55,50.49,365.89,541.38,89.06,313.47,365.13,382.64,891.44,469.7,712.24,583.8,1000.5,485.07,485.25,389.44,488.8,201.6,288.7,681.05,324.19,101.09,287.34,516.16,559.37,773.6,546.46,596.45,489.88,100.97,550.94,907.93,547.26,402.24,605.77
719.37,302.38,867.02,426.1,827.14,482.76,792.71,813.13,589.67,402.42,416.42,945.3,797.96,751.54,490.87,513.63,845.3,976.98,693.28,760.45,874.51,927.08,951.13,760.17,434.15,703.65,474.33,680.73,577.75,450.57,629.61,465.42,760.58,619.15,917.26,,417.4,610.44,396.95,861.18,750.82,699.13,677.5,970.73,549.05,807.34,714.93,749.52,790.84,541.47,289.33,579.36,424.52,486.93,940.44,585.63,979.84,774.05,493.22,905.26,507.59,415.79,835.29,788.51,664.84,675.86,621.54,922.38,962.41,559.68,654.56,962.19,608.61,605.57,661.62,763.37,439.08,435.01,391.18,723.27,463.37,434.7,599.5,469.04,791.41,715.55,521.69,615.29,890.41,708.36,474.12,431.37,638.71,441.58,526.37,502.56,867.18,575.9,773.92,387.9,525.06,528.66
301.41,151.01,449.06,129.21,375.71,54.37,502.76,395.16,171.7,26.61,224.14,601.91,454.57,333.57,85.05,100.07,427.33,559.02,275.32,342.49,456.54,583.7,524.93,342.21,280.88,285.69,68.51,262.76,171.93,29.64,224.03,195.27,581.55,440.12,499.29,418.72,,263.59,22.62,455.6,460.88,520.1,334.12,791.7,370.01,389.37,309.35,331.56,385.25,198.09,201.28,161.4,35.35,68.96,535.24,247.86,571.08,595.02,137.37,561.88,89.63,39.21,417.33,370.55,246.88,496.82,203.57,525.71,544.45,141.72,311.18,618.81,190.64,199.76,255.8,467.49,29.12,255.98,97.93,544.24,58.41,38.54,185.95,63.46,342.59,297.58,224.79,197.32,547.02,259.54,74.31,106.74,349.64,100.94,191.39,159.18,440.39,232.52,483.97,91,107.09,181.81
489.94,308.16,584.35,184.32,641.01,292.32,240.98,570.23,380.31,262.03,456.78,838.03,690.69,520.63,283.6,361.25,562.63,747.54,463.85,531.02,645.07,747.83,722.28,487.2,513.51,474.22,267.06,451.29,217.57,260.66,185.07,455.05,299.49,169.39,687.82,611.72,263.63,,267.4,387.01,199.1,249.37,570.23,520.98,176.61,577.9,270.39,520.08,346.3,434.2,404.67,371.24,295.13,289.97,732.6,503.26,768.43,324.29,128.05,797.99,309.29,245.8,605.86,559.08,435.41,226.1,399.56,723.06,721.46,361.39,547.32,770.72,386.38,323.96,326.57,205.7,277.19,259.37,330.56,262.18,232.59,244.79,451.68,227.54,569.43,407.29,145.15,365.27,783.14,486.38,328.92,366.52,87.86,356.34,446.79,396.84,637.75,468.67,222.19,222.74,326.76,85.54
311.73,136.65,459.38,114.74,394.79,64.7,506.53,405.49,182.03,5.47,203.81,620.99,473.65,343.9,93.51,119.15,437.66,569.34,285.64,352.81,466.87,602.78,544.08,352.53,260.54,296.01,76.97,273.09,180.39,39.96,237.76,217.08,567.06,425.62,509.62,398.38,22.93,267.35,,469.33,464.64,505.61,353.2,777.21,355.52,399.7,323.08,341.88,398.98,217.17,180.94,171.72,54.43,79.29,554.39,266.94,590.23,580.53,141.13,580.96,99.95,23.82,427.65,380.88,257.2,482.33,213.9,544.86,554.77,152.05,330.26,637.88,200.97,208.22,264.26,471.25,44.61,241.49,77.59,529.75,71.51,42.3,205.03,77.19,361.67,307.91,210.33,207.65,566.1,278.61,93.39,128.55,353.41,120.02,210.47,178.26,459.54,251.6,487.73,76.53,117.42,185.57
645.91,559.63,498.19,429.2,794.32,461.58,228.9,726.2,536.28,464.71,675.34,986.76,839.42,676.61,452.86,530.51,522.3,903.52,619.82,686.99,801.04,903.8,878.26,643.17,732.08,630.19,436.32,607.27,373.55,435.3,233.04,657.73,303.85,355.17,843.8,863.19,466.31,386.17,470.08,,188.99,362.27,735.8,640.94,388.92,733.87,146.47,676.06,208.63,606.32,656.15,527.21,497.82,459.23,888.57,676.08,924.41,444.25,363.01,946.72,478.55,448.48,761.83,715.05,591.38,384.71,555.53,879.03,877.44,520.75,719.44,926.69,542.35,479.93,482.55,210.06,449.76,506.02,549.12,266.54,403.68,429.74,604.99,398.63,725.41,563.27,414.31,521.24,931.87,642.35,501.04,569.2,298.89,529.17,619.61,568.95,793.72,640.78,210.11,476.6,496.02,339.01
686.32,448.57,780.74,380.7,837.39,488.7,43.16,766.61,576.7,458.42,671.26,1034.42,887.08,717.02,479.99,557.64,759.02,943.93,660.24,727.4,841.46,944.22,918.67,683.58,688.99,670.6,463.45,647.68,413.96,457.04,381.45,651.44,115.95,167.27,884.21,751.21,460.02,198.28,463.78,189.14,,174.37,766.62,453.04,201.03,774.29,332.48,716.47,394.65,630.59,544.17,567.62,491.52,486.35,928.98,699.65,964.82,256.36,324.43,994.38,505.68,442.18,802.24,755.47,631.79,196.82,595.94,919.45,917.85,557.77,743.71,967.1,582.76,520.34,522.96,22.17,473.58,318.12,526.94,78.64,428.97,441.17,648.06,423.93,765.82,603.68,341.54,561.66,979.53,682.77,525.31,562.91,110.99,552.73,643.18,593.23,834.13,665.05,24.37,419.13,523.15,281.92
777.52,397.76,832,396.93,897.45,548.76,216.28,871.27,647.82,500.31,620.45,1094.48,947.14,809.69,540.05,617.7,810.28,1035.13,751.43,818.6,932.65,1035.41,1009.87,734.84,638.19,761.8,523.51,738.88,465.22,517.02,432.71,665.76,58.97,91.94,975.4,700.41,520.08,249.54,505.67,362.31,174.4,,826.68,281.62,150.22,865.48,505.66,807.67,567.83,690.65,493.36,637.51,551.58,546.41,1020.18,759.71,1056.02,84.93,375.69,1054.44,565.74,482.24,893.44,846.66,722.99,24.1,679.68,1010.64,1020.56,617.83,803.77,1058.3,666.75,571.61,574.22,154.02,533.64,267.31,537.13,113.92,507.12,501.15,708.12,512.79,849.56,654.94,297.4,612.92,1039.59,766.51,585.37,608.67,162.56,612.79,703.24,653.29,925.33,725.11,197.49,431.65,583.21,333.18
188.61,456.6,336.25,434.8,158.44,277.95,808.36,273.05,218.32,356.58,370.18,276.6,129.26,220.77,309.8,210.23,314.53,351.57,195.51,205.55,334.43,258.38,282.43,237.75,426.92,183.71,315.63,186.32,362.52,308.27,503.64,333.93,887.15,745.71,321.63,678.74,333.82,569.18,352.6,735.21,766.47,825.69,,1097.3,675.61,267.26,588.96,153.27,631.12,139.27,389.87,209.3,293.6,293.4,271.74,339.67,311.14,900.61,442.96,236.56,262.44,344.8,295.22,248.44,170.44,802.42,190.82,253.68,372.41,222.32,228.14,293.49,210.79,257.21,292.6,773.08,297.65,561.57,325.52,849.84,338.58,328.91,132.08,350.89,173.08,207.44,530.39,233.66,221.7,102.98,242.65,246.13,655.24,233.22,283.2,176.63,270.89,237.69,789.57,396.59,249.65,487.4
1049.13,669.37,1103.61,668.53,1169.06,820.37,494.96,1142.88,919.42,771.91,892.06,1366.08,1218.74,1081.29,811.65,889.3,1081.89,1306.73,1023.04,1090.21,1204.26,1307.02,1281.47,1006.45,909.79,1033.41,795.11,1010.48,736.82,788.63,704.32,937.36,337.65,363.55,1247.01,972.01,791.69,521.14,777.27,640.99,453.07,281.62,1098.29,,421.83,1137.09,789.64,1079.27,846.5,962.26,764.97,909.12,823.19,818.02,1291.79,1031.31,1327.62,197.94,647.3,1326.05,837.34,753.84,1165.05,1118.27,994.6,295.71,951.29,1282.25,1292.17,889.44,1075.38,1329.91,938.36,843.21,845.82,432.69,805.25,538.92,808.73,392.59,778.72,772.76,979.73,784.4,1121.17,926.55,569.01,884.52,1311.19,1038.11,856.98,880.28,434.17,884.4,974.84,924.89,1196.94,996.72,476.16,703.25,854.81,604.79
627.43,247.68,775.08,246.84,747.37,398.68,243.8,721.19,497.73,350.22,470.37,944.39,797.05,659.6,389.96,467.61,753.36,885.04,601.35,668.51,782.57,885.33,859.78,668.23,488.1,611.71,373.42,588.79,359.73,366.93,327.22,515.67,211.67,70.24,825.32,550.32,369.99,176.77,355.58,389.83,201.91,150.22,676.59,421.82,,715.4,412.55,657.58,488.45,540.56,343.28,487.43,401.49,396.33,870.1,609.62,905.93,225.14,270.2,904.35,415.65,332.15,743.35,696.58,572.9,126.94,529.6,860.56,870.48,467.75,653.68,908.21,516.67,504.67,468.73,214.46,383.55,117.23,387.04,174.36,357.03,351.06,558.04,362.7,699.47,549.45,147.31,523.35,889.5,616.42,435.28,458.59,89.8,462.7,553.15,503.2,775.24,575.03,225,281.56,433.12,227.69
93.65,507.1,186.23,476.77,143.6,340.42,818.03,41.41,220.9,392.65,650.19,268.87,188.7,66.17,339.03,333.3,164.51,172.65,122.76,66.62,70.18,176.6,151.06,101.18,706.92,108.04,344.85,139.48,361.74,355.96,502.87,613.94,929.12,787.68,112.93,810.66,389.76,578.85,399.81,734.44,776.14,867.67,267.68,1139.27,717.58,,588.19,112.13,478.64,419.28,578.46,230.87,417.81,322.62,161.37,619.68,197.2,942.59,452.63,296,308.47,395.31,30.97,23.78,152.91,844.39,188.28,151.83,155.97,257.19,508.15,199.49,204.77,256.44,273.95,782.75,361,603.55,475.11,891.81,376.38,376.56,285.28,380.11,97.43,180.01,572.36,215.5,211.52,183.17,387.84,526.14,664.91,453.18,563.21,456.64,66.52,517.7,799.24,438.57,293.54,497.07
499.63,413.35,365.71,282.92,648.03,315.3,372.25,579.92,390,318.43,529.06,840.48,693.14,530.33,306.58,384.23,389.81,757.24,473.54,540.71,654.76,757.52,731.98,496.89,585.79,483.91,290.04,460.99,227.26,289.01,86.76,511.45,447.2,438.98,697.51,716.91,320.03,271.39,323.79,146.49,332.34,505.62,589.51,790.57,413.4,587.59,,529.78,76.15,460.04,509.87,380.93,351.53,312.95,742.29,529.8,778.13,593.88,216.73,800.44,332.27,302.2,615.55,568.77,445.1,495.69,409.25,732.75,731.16,374.47,573.16,780.41,396.07,333.65,336.26,353.41,303.48,382.25,402.84,409.89,257.4,283.45,458.71,252.35,579.13,416.99,268.03,374.96,785.58,496.07,354.76,422.92,357.45,382.89,473.33,422.67,647.44,494.5,353.46,330.32,349.74,192.73
32.2,448.36,185.06,418.03,149.74,281.68,759.29,118.39,162.16,333.91,535.83,342.18,194.84,64.12,280.28,238.75,163.34,291.13,64.02,49.76,179.77,245.17,219.62,86.56,592.56,49.21,286.11,80.74,303,297.22,444.12,499.58,870.38,728.94,233.71,751.92,331.02,520.11,341.07,675.69,717.4,808.93,153.32,1080.53,658.84,112.6,529.45,,477.46,304.92,555.52,172.13,346.41,263.88,229.93,505.32,265.77,883.85,393.89,302.14,249.73,336.56,140.56,93.78,94.17,785.65,129.54,220.4,267.68,198.45,393.79,268.05,146.03,197.7,215.21,724.01,302.26,544.81,416.37,833.07,317.63,317.82,170.91,321.37,58.4,131.17,513.62,156.76,287.29,68.81,297.63,411.77,606.17,398.86,448.85,342.28,135.08,403.34,740.49,379.83,234.8,438.33
442.15,489.21,295.99,358.78,557.61,391.16,434.4,462.47,433.44,394.29,604.92,742.93,602.71,418.21,382.44,460.09,320.09,646.51,496.99,439.88,544.04,650.67,625.12,402.61,661.65,507.35,365.9,484.43,303.13,364.88,162.62,587.31,509.34,514.84,586.79,792.77,395.89,347.25,399.66,208.63,394.49,567.76,631.02,846.43,489.26,476.87,76.05,478.54,,535.9,585.73,424.37,427.39,388.81,635.44,605.66,671.27,649.75,292.59,710.01,408.13,378.06,504.82,458.04,468.54,571.55,434.41,625.9,613.71,450.33,649.02,673.55,421.46,409.51,340.05,415.55,379.34,458.11,478.7,472.03,333.26,359.32,500.22,328.21,469.46,420.77,343.89,404.86,685.59,532.42,430.62,498.78,433.31,458.75,549.19,498.53,540.58,570.36,415.6,406.18,425.6,268.59
308.57,320.57,456.21,298.77,288.92,140.33,672.33,424.66,175.22,220.55,234.15,407.07,259.73,340.73,161.7,72.61,434.49,482.05,282.48,357.16,455.43,388.86,412.91,349.36,290.89,292.85,167.53,269.92,248.59,172.24,371.53,197.9,751.12,609.68,452.1,542.71,197.79,433.15,216.57,603.1,630.44,689.66,139.27,961.27,539.58,418.87,456.85,304.87,532.76,,253.84,165.41,157.57,144.27,402.21,203.64,441.61,764.58,306.93,367.03,124.82,208.77,446.82,400.04,254.04,666.39,210.73,384.16,502.89,156.21,127.1,423.96,193.16,204.53,259.52,637.05,161.62,425.54,189.49,713.81,202.55,192.88,134.25,202.79,324.68,291.04,394.36,202.06,352.18,222.35,106.62,110.1,519.21,97.19,147.17,40.6,422.49,101.66,653.54,260.56,112.03,351.37
490.08,96.67,637.72,220.4,539.51,243.04,587,583.83,360.37,186.29,128.79,657.66,510.32,522.24,285.16,253.34,616,732.64,463.99,531.16,645.21,639.45,663.5,530.88,146.52,474.36,268.62,451.43,372.04,218.31,423.9,177.79,554.88,413.44,702.7,290.61,201.27,404.73,180.82,655.47,545.12,493.42,389.87,765.03,343.34,578.04,509.22,555.46,585.13,253.84,,350.07,164.81,257.63,652.81,298,692.21,568.34,287.51,617.63,278.3,210.08,606,559.22,435.55,470.15,392.24,634.75,753.48,330.39,366.93,674.56,379.31,399.87,455.91,557.67,222.96,229.3,103.55,517.57,257.66,228.99,384.84,263.33,575.28,486.25,315.98,385.99,602.77,472.95,200.16,143.74,433,153.95,238.74,214.93,673.08,288.27,568.21,182.19,295.76,322.95
141.42,277.61,289.07,247.28,267.79,110.92,610.19,235.18,11.07,163.15,396.32,460.23,312.89,173.59,109.53,103.81,267.35,399.03,115.33,182.5,296.56,399.32,373.77,182.22,453.06,125.7,115.35,102.78,153.9,126.47,295.03,360.07,699.62,558.19,339.31,581.16,160.27,371.01,170.31,526.6,568.31,638.17,209.27,909.78,488.09,229.39,380.35,171.57,424.31,165.42,348.96,,188.32,93.12,384.08,365.82,419.92,713.09,244.79,420.19,78.97,165.81,257.34,210.56,86.89,614.9,43.59,374.55,384.46,27.7,289.28,422.2,30.66,48.6,94.8,574.91,131.51,374.05,245.61,662.31,146.88,147.06,78.46,150.62,213.46,137.6,342.86,37.34,405.34,130.41,158.34,272.27,457.07,223.69,309.35,202.77,289.23,263.83,591.4,209.07,64.05,289.23
328.43,182.47,476.07,160.66,365.57,84.79,534.22,422.18,198.72,58.07,189.34,561.42,414.08,360.59,116.51,103.57,454.35,636.4,302.34,369.51,483.56,543.21,567.26,369.22,246.07,312.71,99.97,289.78,203.39,61.1,255.49,161.41,613.01,471.58,526.31,425.84,35.31,295.05,54.08,487.06,492.34,551.56,293.62,823.16,401.47,416.39,340.81,358.57,416.71,157.59,164.81,188.42,,95.98,556.56,207.37,595.96,626.48,168.83,521.38,116.64,70.67,444.35,397.57,273.9,528.28,230.59,538.51,571.47,168.74,270.69,578.31,217.66,207.38,287.26,498.95,56.29,287.44,62.33,575.7,89.87,70,175.81,94.92,369.77,324.6,256.25,224.34,506.53,286.71,50.38,72.88,381.1,60.45,150.9,118.69,467.57,192.03,515.43,122.46,134.11,213.27
233.46,184.82,381.11,155.95,353.39,18.13,529.5,327.22,103.76,70.36,279.04,545.83,398.49,265.63,18.2,72.14,359.39,491.07,207.37,274.54,388.6,491.36,465.81,274.26,335.78,217.74,24.02,194.82,105.08,33.68,228.02,272.07,608.29,466.86,431.35,488.38,67.48,290.33,77.52,459.59,487.62,546.84,294.87,818.44,396.76,321.43,313.35,263.61,389.25,144.49,256.17,93.45,95.53,,476.12,277.81,511.96,621.76,164.11,505.8,20.18,73.02,349.38,302.6,178.93,523.57,135.63,466.59,476.5,73.77,269.94,514.24,122.7,112.42,188.95,494.23,38.72,282.72,152.82,570.98,55.55,54.27,164.07,59.28,305.5,229.64,251.53,129.38,490.94,222.45,77.51,184.27,376.39,130.9,221.34,145.42,381.27,213.6,510.71,117.74,37.65,208.55
246.82,660.28,343.51,629.95,190.97,493.59,971.2,201.17,374.07,545.82,633.17,108.19,161.63,223.44,492.2,473.22,321.79,77.01,275.93,206.82,81.9,15.92,11.49,258.45,689.91,261.21,498.02,292.65,514.91,509.14,656.04,596.92,1082.29,940.86,50.69,941.74,535.2,732.02,552.98,887.61,929.32,1020.84,271.79,1292.44,870.75,161.21,741.36,229.37,635.91,402.27,652.86,384.05,556.59,475.79,,602.66,36.57,1095.76,605.8,166.89,461.64,548.48,121.02,183.54,306.08,997.57,341.45,30.25,101.47,410.37,491.13,38.86,357.95,409.61,427.12,935.92,514.18,756.72,588.51,1044.98,529.55,529.73,383.25,533.28,195.4,337.28,725.53,368.67,50.84,281.14,505.64,509.12,818.08,496.21,546.19,439.62,94.77,500.68,952.41,591.74,446.72,650.25
487.33,389.64,634.97,367.84,489.39,264.22,741.4,625.13,375.7,270.31,172.12,482.3,460.2,519.49,296.01,243.76,613.25,682.52,461.24,557.63,655.9,589.33,613.38,528.12,165.67,471.61,286.19,448.68,382.9,248.89,444.17,120.93,820.19,678.75,652.58,586.82,247.56,502.22,266.33,675.74,699.51,758.73,339.75,1030.34,608.65,619.34,529.5,505.34,605.4,203.72,297.95,365.88,207.34,278.81,602.69,,642.09,833.65,376,423.39,299.47,277.84,647.3,600.52,432.8,735.46,389.49,584.63,703.36,320.32,130.99,624.44,393.63,369.17,440.69,706.12,239.19,494.61,233.23,782.88,277.93,258.56,334.72,283.61,525.16,483.5,463.43,383.24,552.65,422.82,212.89,153.83,588.28,146.95,60.15,164.81,622.96,108.42,722.6,329.63,283.18,420.44
282.74,696.2,379.43,665.87,230.36,529.51,1007.12,237.09,409.99,581.74,672.56,147.57,201.02,259.37,528.12,512.61,357.71,43.16,311.85,242.74,117.83,50.69,47.41,294.37,729.3,297.13,533.94,328.57,550.83,545.06,691.96,636.31,1118.22,976.78,86.61,981.12,571.12,767.95,588.9,923.53,965.24,1056.76,311.18,1328.37,906.68,197.13,777.28,265.29,671.84,441.66,692.25,419.97,595.98,511.71,36.6,642.05,,1131.68,641.73,206.28,497.56,584.4,156.94,219.46,342,1033.49,377.37,66.17,134.83,446.29,530.52,20.63,393.87,445.53,463.04,971.84,550.1,792.64,627.9,1080.91,565.47,565.65,417.07,569.21,231.32,373.2,761.46,404.59,90.23,317.06,545.03,548.51,854,535.6,585.58,479.01,130.69,540.07,988.33,627.66,482.64,686.17
852.44,472.68,906.92,471.85,972.37,623.68,298.27,946.2,722.74,575.23,695.38,1169.4,1022.06,884.61,614.97,692.62,885.2,1110.05,826.35,893.52,1007.58,1110.34,1084.79,809.76,713.11,836.72,598.43,813.8,540.14,591.94,507.64,740.68,140.96,166.86,1050.33,775.33,595,324.46,580.59,444.3,256.39,84.94,901.6,197.94,225.14,940.41,592.96,882.59,649.82,765.57,568.28,712.43,626.5,621.33,1095.1,834.63,1130.94,,450.62,1129.36,640.66,557.16,968.36,921.58,797.91,99.03,754.61,1085.57,1095.48,692.75,878.69,1133.22,741.68,646.53,649.14,236.01,608.56,342.24,612.05,195.91,582.04,576.07,783.05,587.71,924.48,729.86,372.32,687.84,1114.51,841.43,660.29,683.59,237.48,687.71,778.16,728.21,1000.25,800.03,279.48,506.57,658.13,408.1
363.88,190.96,458.29,67.11,514.9,166.21,367.22,444.17,254.25,135.93,339.57,711.93,564.59,394.57,157.5,235.15,436.57,621.48,337.79,404.95,519.01,621.77,596.22,361.13,396.31,348.15,140.96,325.23,91.51,134.55,131.15,328.95,425.73,295.63,561.76,494.51,137.53,128.05,141.29,362.72,325.34,375.62,444.13,647.22,270.05,451.84,216.47,394.02,292.38,308.1,287.47,245.18,169.03,163.86,606.54,377.16,642.37,450.54,,671.89,183.19,119.69,479.8,433.02,309.34,352.34,273.5,597,595.4,235.28,421.22,644.66,260.32,197.9,200.51,331.95,151.09,238.9,213.35,388.42,106.48,118.68,325.57,101.44,443.37,281.23,124.68,239.21,657.04,360.32,202.82,240.42,214.1,230.24,320.68,270.74,511.69,342.56,348.43,105.54,200.65,46.27
316.22,684.68,417.9,662.88,156.05,506.03,1036.43,315.37,429.56,584.65,598.26,59.8,110.55,295.57,521.04,438.31,396.18,247.11,347.78,276.22,248.38,153.91,177.96,326.5,654.99,332.96,526.86,364.49,573.75,536.35,714.88,562.01,1115.22,973.79,217.16,906.82,561.9,797.26,580.67,946.45,994.55,1053.77,236.88,1325.37,903.68,296.31,800.2,302.52,710.31,367.35,617.95,420.54,521.68,504.63,167.27,422.9,206.67,1128.69,671.04,,490.51,572.88,287.49,290.76,379,1030.49,399.39,181.28,267.94,433.55,335.37,189.02,422.02,468.45,500.22,1001.16,525.73,789.65,553.6,1077.91,558.39,556.99,342.76,562.13,243.75,416,758.46,444.9,117.24,311.54,470.72,474.2,883.31,461.29,433.81,404.71,268.33,375.82,1017.64,624.67,477.73,715.48
218.93,205.5,366.58,175.17,333.18,38.82,548.73,312.69,89.23,91.05,299.73,530.26,382.92,251.1,37.43,52.5,344.86,476.54,192.85,260.01,374.07,476.83,451.28,259.73,356.46,203.21,43.25,180.29,124.31,54.36,247.25,292.75,627.52,486.08,416.82,509.06,88.16,309.55,98.21,478.82,506.85,566.07,262.46,837.67,415.98,306.9,332.57,249.08,408.48,124.84,276.86,78.93,116.21,19.99,461.6,298.5,497.43,640.99,183.33,490.22,,93.7,334.85,288.08,164.4,542.79,121.1,452.06,461.98,51.93,250.29,499.71,108.17,100.77,172.3,513.45,59.4,301.95,173.51,590.21,74.78,74.96,143.85,78.51,286.32,215.11,270.76,114.85,475.36,203.27,98.19,204.95,395.61,151.58,242.03,132.89,366.74,193.95,529.94,136.97,18,227.78
305.34,113.22,452.99,91.31,425.27,68.73,484.88,399.1,175.64,18.46,227.63,613.9,466.56,337.51,76.84,130.93,431.27,562.95,279.25,346.42,460.48,563.24,537.69,346.14,284.36,289.62,60.3,266.7,163.72,36.54,216.11,230.92,543.63,402.19,503.23,416.78,39.5,245.71,23.82,447.68,443,482.18,346.1,753.78,332.09,393.31,301.43,335.49,377.34,210.07,209.74,165.33,71,72.9,548,277.63,583.84,557.1,119.49,573.86,93.56,,421.26,374.48,250.81,458.9,207.51,538.47,548.38,145.66,323.19,586.12,194.58,191.54,247.59,449.61,53.06,218.06,101.41,506.32,49.87,20.67,235.95,55.55,377.38,301.52,186.9,201.26,559.01,294.33,104.79,142.39,331.76,130.72,221.16,188.95,453.15,244.54,466.09,53.1,111.03,163.93
120.77,534.23,213.36,503.9,165.45,367.54,845.15,71.02,248.02,419.77,677.31,228.79,210.55,93.29,366.15,360.43,191.64,142.43,149.88,93.74,39.95,136.52,110.98,128.3,734.05,135.16,371.97,166.6,388.86,383.09,529.99,641.06,956.24,814.81,82.7,837.78,416.89,605.97,426.93,761.56,803.27,894.79,294.8,1166.39,744.7,31.27,615.31,139.26,505.76,446.41,605.58,257.99,444.93,349.74,121.29,646.8,157.12,969.71,479.75,287.49,335.59,422.43,,53.39,180.03,871.52,215.4,111.76,125.74,284.32,535.27,159.41,231.9,283.56,301.07,809.87,388.13,630.67,502.23,918.93,403.5,403.68,312.4,407.23,124.55,207.13,599.48,242.62,171.44,210.29,414.96,553.26,692.03,480.3,590.33,483.76,42.65,544.82,826.36,465.69,320.67,524.19
74.57,488.03,167.16,457.7,138.13,321.34,798.95,25.53,201.82,373.57,631.11,290.25,183.24,47.09,319.95,314.23,145.44,193.83,103.68,47.54,91.36,197.99,172.44,82.1,687.85,88.96,325.77,120.4,342.66,336.89,483.79,594.86,910.04,768.61,134.11,791.58,370.69,559.77,380.73,715.36,757.07,848.59,248.6,1120.19,698.5,22.7,569.11,93.06,459.56,400.2,559.38,211.79,398.73,303.54,182.76,600.6,218.59,923.51,433.55,290.54,289.39,376.23,52.14,,133.83,825.31,169.2,173.22,174.82,238.12,489.07,220.87,185.7,237.36,254.87,763.67,341.93,584.47,456.03,872.73,357.3,357.48,266.2,361.03,78.35,160.93,553.28,196.42,232.91,164.09,368.76,507.06,645.83,434.1,544.13,437.56,87.9,498.62,780.16,419.49,274.47,477.99
61.75,365.44,195.2,335.11,226.28,198.76,676.37,155.51,79.24,250.99,459.67,418.72,271.38,93.92,197.37,191.64,173.48,319.36,25.35,102.83,216.89,319.65,294.1,98.04,516.4,42.59,203.19,17.03,220.08,214.3,361.21,429.33,787.46,646.02,259.64,669,248.1,437.19,258.15,592.78,634.48,726.01,170.44,997.61,575.92,149.72,446.53,91.9,458.98,255.91,436.8,89.21,276.15,180.96,304.42,435.08,340.25,800.93,310.97,378.68,166.81,253.64,177.67,130.9,,702.73,46.62,294.88,304.8,115.53,364.55,342.53,63.11,114.78,120.46,641.09,219.34,461.89,333.45,750.15,234.72,234.9,142.7,238.45,132.88,39.71,430.7,73.84,363.83,72.97,246.18,341.53,523.25,311.52,378.61,272.04,209.56,333.1,657.58,296.91,151.88,355.41
753.89,374.13,808.37,373.29,873.82,525.13,239.13,847.64,624.18,476.68,596.82,1070.85,923.51,786.05,516.42,594.07,786.65,1011.5,727.8,794.97,909.02,1011.78,986.24,711.21,614.56,738.17,499.87,715.24,441.59,493.39,409.08,642.13,81.82,68.31,951.77,676.77,496.45,225.9,482.04,385.16,197.24,24.5,803.05,296.11,126.59,841.85,494.41,784.04,570.31,667.02,469.73,613.88,527.95,522.78,996.55,736.07,1032.38,99.42,352.06,1030.81,542.11,458.61,869.81,823.03,699.36,,656.05,987.01,996.93,594.2,780.14,1034.67,643.12,547.97,550.59,176.86,510.01,243.68,513.49,136.76,483.49,477.52,684.49,489.16,825.93,631.31,273.77,589.28,1015.95,742.88,561.74,585.04,138.93,589.16,679.6,629.65,901.7,701.48,220.34,408.01,559.57,309.55
98.88,319.87,246.53,289.54,246.67,153.18,640.34,192.64,33.66,205.42,414.09,439.11,291.77,131.05,151.79,146.07,224.81,356.49,72.79,139.96,254.02,356.78,331.23,139.68,470.83,83.16,157.61,60.24,184.05,168.73,325.17,383.76,741.89,600.45,296.77,623.43,202.53,401.16,212.57,556.74,598.45,680.43,190.82,952.04,530.35,186.85,410.5,129.03,435.26,210.34,391.23,43.64,230.58,135.39,341.54,389.5,377.38,755.35,274.94,399.07,121.23,208.07,214.8,168.02,44.35,657.16,,332.01,341.92,69.96,318.97,379.66,17.54,78.75,96.74,605.06,173.77,416.31,287.87,704.58,189.14,189.32,97.13,192.88,170.01,81.36,385.13,37.81,384.22,93.36,200.61,295.96,487.22,265.95,333.03,226.46,246.69,287.52,621.54,251.33,106.31,319.38
237.31,650.77,334,620.44,172.86,484.09,961.69,191.67,364.57,536.32,615.06,122.38,143.52,213.94,482.69,455.11,312.28,107.05,266.43,197.31,72.4,30.57,24.38,248.95,671.8,251.7,488.52,283.14,505.41,499.63,646.53,578.81,1072.79,931.35,62.29,923.63,525.7,722.52,543.47,878.1,919.81,1011.34,253.68,1282.94,861.25,151.7,731.86,219.87,626.41,384.16,634.75,374.54,538.48,466.29,30.78,584.55,66.61,1086.25,596.3,181.08,452.14,538.97,111.51,174.04,296.58,988.06,331.95,,113.08,400.86,473.02,68.9,348.44,400.1,417.62,926.42,504.67,747.22,570.4,1035.48,520.04,520.23,373.74,523.78,185.89,327.78,716.03,359.17,65.03,271.64,487.53,491.01,808.58,478.1,528.08,421.51,85.27,482.57,942.9,582.24,437.21,640.74
248.82,662.28,321.88,631.95,267.35,495.59,960.69,154.98,376.07,547.82,734.28,209.29,262.73,221.34,494.2,488.48,300.16,92.24,277.93,221.79,87.26,117.02,91.48,236.83,791.01,263.21,500.02,294.65,504.4,511.14,645.52,698.02,1019.19,942.86,50.49,965.83,544.94,721.51,554.98,877.09,918.8,1022.84,372.89,1294.45,872.76,157.25,730.85,267.31,614.29,503.37,753.96,386.05,572.99,477.79,101.79,703.77,134.9,1097.76,595.29,267.99,463.64,550.48,126.37,175.95,308.08,999.57,343.45,113.41,,412.37,592.24,152.8,359.95,411.61,396.4,925.41,516.18,758.72,630.28,981.88,531.55,531.73,440.45,535.29,252.6,315.66,718.14,370.67,151.94,338.34,543.01,610.22,807.57,597.31,647.3,540.73,151.82,601.79,941.9,593.74,448.72,639.73
167.67,256.77,315.32,226.43,280.81,90.08,599.99,261.43,37.97,142.31,350.7,473.25,325.91,199.84,88.69,76.76,293.6,425.28,141.58,208.75,322.8,425.56,400.02,208.47,407.44,151.95,94.51,129.03,148.1,105.62,289.23,314.45,678.78,537.35,365.56,560.32,139.42,360.82,149.47,520.8,558.11,617.33,222.28,888.93,467.24,255.63,374.55,197.82,450.45,156.21,328.12,27.66,167.47,72.28,410.33,320.19,446.17,692.25,234.6,433.21,51.93,144.97,283.59,236.81,113.14,594.05,69.84,400.8,410.71,,280.07,448.45,56.91,49.51,121.04,564.72,110.67,353.21,224.77,641.47,126.04,126.22,91.48,129.77,233.95,163.84,322.02,63.59,418.36,150.89,131.3,226.65,446.87,202.84,263.72,157.15,315.48,218.21,581.2,188.23,37,279.04
417.23,433.66,564.88,411.86,377.78,265.78,785.42,513.52,299.08,333.62,255.45,394.75,348.6,449.4,287.15,198.06,543.16,570.92,391.14,446.02,544.29,477.72,501.78,458.03,312.18,401.51,292.98,378.59,374.04,285.33,488.72,204.25,864.21,722.77,540.97,655.78,310.86,546.24,329.63,720.29,743.53,802.76,228.14,1074.36,652.67,507.73,574.04,393.74,649.94,127.1,366.91,289.27,270.64,269.72,491.08,130.98,530.48,877.67,420.02,335.84,250.27,321.87,535.69,488.91,362.7,779.48,319.4,473.02,591.75,280.07,,512.83,301.83,328.38,383.63,750.14,274.71,538.64,302.56,826.9,315.64,305.97,223.11,321.95,413.55,399.7,507.45,324.7,441.05,331.02,219.71,223.17,632.3,210.25,142.57,152.82,511.35,84.58,766.63,373.65,237.48,464.46
285,698.46,381.69,668.13,212.68,531.78,1009.38,239.36,412.26,584.01,654.89,129.9,183.34,261.63,530.38,494.94,359.97,61.04,314.12,245,120.09,32.52,49.68,296.64,711.62,299.39,536.21,330.83,553.1,547.32,694.22,618.64,1120.48,979.04,88.87,963.45,618.53,770.21,637.3,925.79,967.5,1059.03,293.51,1330.63,908.94,199.39,779.55,267.56,674.1,423.98,674.58,422.23,578.31,513.98,38.87,624.38,20.61,1133.94,643.99,188.6,499.83,586.66,159.2,221.73,344.27,1035.75,379.64,68.43,152.71,448.55,512.85,,396.13,447.79,465.31,974.11,582.36,794.91,610.23,1083.17,567.73,567.92,399.39,571.47,233.58,375.47,763.72,406.86,72.55,319.32,527.35,530.83,856.27,517.92,567.91,461.34,132.96,522.4,990.59,629.92,484.9,688.43
115.86,306.23,263.51,275.9,269.18,139.55,626.63,209.61,14.92,191.78,423.97,461.63,314.29,148.02,138.16,132.43,241.78,373.47,89.77,156.94,270.99,373.75,348.21,156.66,480.7,100.14,143.98,77.21,170.35,155.09,311.47,387.72,728.25,586.81,313.74,609.79,188.89,387.46,198.94,543.04,584.75,666.8,210.66,938.4,516.71,203.82,396.79,146.01,421.56,193.06,377.59,30,216.94,121.75,358.52,393.46,394.36,741.72,261.24,421.59,107.6,194.43,231.78,185,61.33,643.52,18.02,348.98,358.9,56.32,301.7,396.64,,65.04,83.04,591.36,160.13,402.68,274.24,690.94,175.51,175.69,79.86,179.24,186.95,98.33,371.49,24.11,406.73,103.9,186.97,299.92,473.51,252.31,336.99,230.42,263.67,291.48,607.84,237.7,92.67,305.68
167.34,308.96,314.99,195.12,315.75,130.42,563.56,261.1,57.71,203.13,391.33,508.19,360.85,199.51,115.08,125.61,293.27,424.95,141.25,208.42,322.47,425.23,399.69,208.14,448.07,151.62,132.21,128.7,107.27,145.97,248.4,363.3,622.07,491.97,365.23,612.52,179.77,324.38,208.49,479.97,521.68,571.95,257.23,843.56,504.95,255.3,333.72,197.49,409.62,204.53,405.48,48.64,207.82,112.63,410,369.04,445.84,646.87,198.16,468.15,100.77,191.64,283.26,236.48,112.81,548.68,76.96,400.47,410.38,49.5,328.38,448.12,63.78,,84.13,528.28,151.01,390.91,265.11,584.76,163.74,172.9,126.42,134.7,246.84,143.58,321.02,42.67,453.3,163.78,180.14,275.5,410.44,243.19,312.57,206,315.15,267.06,544.77,225.93,85.85,242.61
184.55,364.79,259.31,249.2,347.21,204.11,565.64,245.18,92.11,258.96,469.58,539.65,392.31,195.59,170.9,197,237.59,442.16,158.46,225.63,339.68,442.44,416.9,162.15,526.32,168.83,188.04,145.91,109.35,219.66,250.47,434.69,624.14,494.05,382.44,668.35,256.21,326.46,264.32,482.04,523.75,574.03,292.5,845.63,468.47,272.51,335.8,214.7,339.87,257.95,461.3,94.6,287.71,188.58,427.21,440.43,463.05,648.95,200.24,499.61,172.16,247.47,300.47,253.69,130.02,550.76,95.89,417.67,396.42,120.89,383.54,465.33,82.94,83.93,,530.36,224.7,446.74,343.36,586.83,193.57,228.72,161.69,188.01,255.68,82.25,323.09,66.33,484.76,193.9,251.53,346.89,412.52,316.88,383.96,277.39,332.36,338.45,546.85,281.76,157.24,244.68
694.34,462.03,788.76,388.72,845.41,496.72,63.94,774.63,584.71,466.44,684.72,1042.43,895.09,725.04,488,565.65,767.04,951.95,668.25,735.42,849.47,952.23,926.69,691.6,702.45,678.62,471.46,655.7,421.97,465.06,389.47,659.45,95.57,146.89,892.22,764.67,468.04,206.29,471.8,209.97,22.06,153.99,774.64,432.66,214.48,782.3,353.32,724.49,415.49,638.61,557.63,575.64,499.54,494.37,937,707.66,972.84,235.97,332.45,1002.4,513.69,450.2,810.26,763.48,639.81,176.43,603.96,927.46,925.87,565.79,751.73,975.12,590.78,528.36,530.97,,481.6,331.58,534.96,58.26,436.99,449.19,656.08,431.95,773.84,611.7,349.56,569.67,987.54,690.78,533.33,570.92,119.01,560.75,651.19,601.24,842.15,673.07,45.15,427.15,531.16,289.94
272.74,162.97,420.38,141.16,355.51,25.7,514.72,366.49,143.03,49.05,244.34,563.22,415.88,304.9,57.5,79.87,398.66,530.34,246.65,313.81,427.87,545,505.08,313.53,301.07,257.01,47.67,234.09,144.38,14.4,217.35,233.97,593.51,452.07,470.62,438.91,32.77,275.54,42.82,448.92,472.84,532.06,295.42,803.66,381.97,360.7,302.67,302.88,378.57,159.39,221.47,132.73,57.73,40.29,515.4,239.72,551.23,606.98,149.32,523.18,60.95,51.17,388.66,341.88,218.2,508.78,174.9,505.86,515.78,113.05,272.51,580.11,161.97,151.69,226.1,479.44,,267.94,118.12,556.2,43.8,35.27,165.75,56.78,322.39,268.91,236.75,168.65,508.33,239.34,54.11,146.17,361.6,92.8,183.24,122.03,420.55,193.85,495.93,102.96,78.42,193.76
513.43,133.67,661.07,205.76,633.36,284.67,360.87,607.18,383.72,236.21,356.36,830.38,683.04,545.59,275.95,353.6,639.35,771.03,487.34,554.5,668.56,771.32,745.77,554.22,374.09,497.7,259.41,474.78,362.84,252.92,296.1,401.66,328.75,187.31,711.31,436.31,255.98,259.35,241.57,506.9,318.99,267.29,562.59,538.9,117.21,601.39,381.42,543.57,457.32,426.56,229.27,373.42,287.49,282.32,756.09,495.61,791.92,342.21,239.08,790.35,301.64,218.14,629.35,582.57,458.89,244.02,415.59,746.55,756.47,353.74,539.68,794.21,402.66,390.66,446.71,331.54,269.55,,273.03,291.44,243.02,237.05,444.03,248.7,585.47,509.6,116.18,409.34,775.49,502.41,321.28,344.58,206.87,348.7,439.14,389.19,661.24,461.02,342.08,167.55,319.11,196.56
386.73,164.9,534.37,146.18,475.18,139.69,569.69,480.48,257.02,82.94,126.42,593.34,446,418.89,172.55,167.09,512.65,668.32,360.64,427.81,541.86,575.12,599.17,427.53,183.15,371.01,156.01,348.08,259.44,114.95,316.8,128.83,598.5,457.06,638.37,392.42,97.92,330.51,77.47,548.37,527.8,537.05,325.54,808.65,386.96,474.69,402.12,416.87,478.03,189.51,103.55,246.72,62.35,154.28,588.48,233.29,627.88,611.97,220.17,553.3,174.95,101.3,502.65,455.87,332.2,513.77,288.89,570.42,629.77,227.04,302.6,610.23,275.96,287.26,343.31,534.41,119.6,272.93,,561.19,150.56,121.35,239.33,156.23,436.66,382.9,241.77,282.64,538.45,353.61,113.91,79.41,416.57,91.06,174.04,150.6,534.54,223.94,550.9,107.97,192.41,248.73
801.67,421.91,845.32,421.08,921.6,572.91,120.51,831.2,671.96,524.46,644.6,1118.63,971.29,833.83,564.2,641.85,823.6,1059.28,775.58,842.75,956.8,1059.56,1034.02,748.16,662.34,785.95,547.66,763.02,478.54,541.17,446.04,689.91,55.45,106.78,999.55,724.55,544.23,262.86,529.82,266.54,78.62,113.87,850.83,392.54,174.37,889.63,409.89,831.82,472.05,714.8,517.51,661.66,575.73,570.56,1044.33,783.85,1080.16,195.86,389.02,1078.59,589.89,506.39,917.59,870.81,747.14,136.32,703.83,1034.79,982.43,641.98,827.92,1082.45,690.9,584.93,587.54,58.24,557.79,291.46,561.27,,531.27,525.3,732.27,536.94,873.71,668.26,321.55,626.24,1063.73,790.66,609.52,632.82,175.57,636.94,727.38,677.43,949.48,749.26,101.72,455.8,607.35,346.5
286.03,161.36,433.67,91.57,405.96,57.27,471.7,379.78,156.32,66.44,277.07,605.58,458.24,318.19,48.56,126.21,411.95,543.64,259.94,327.11,441.16,543.92,518.38,326.83,333.81,270.31,32.01,247.38,106.15,31.76,171.9,259.46,568.88,427.44,483.91,464.92,68.04,232.52,71.81,403.47,429.82,507.43,337.78,779.03,357.34,373.99,257.23,316.18,333.13,201.75,257.88,146.02,99.54,54.92,528.69,277.81,564.52,582.35,106.3,565.54,74.25,50.21,401.95,355.17,231.5,484.15,188.19,519.15,529.07,126.34,314.87,566.81,175.26,163.26,193.79,436.42,44.07,243.31,150.85,531.57,,33.09,216.63,7.63,358.07,282.2,191.34,181.94,550.69,275.02,96.47,170.93,318.58,130.9,221.34,164.39,433.84,236.22,452.91,78.33,91.71,150.74
286.48,132.64,434.12,110.72,406.41,49.86,484.42,380.23,156.77,37.1,247.73,612.82,465.48,318.64,57.97,111.03,412.4,544.08,260.39,327.55,441.61,544.37,518.82,327.27,304.46,270.75,41.43,247.83,144.86,17.67,196.95,230.12,563.04,421.61,484.36,436.19,38.7,245.24,42.46,428.52,442.54,501.59,345.02,773.19,351.5,374.44,282.27,316.62,358.17,209,229.15,146.47,70.2,54.03,529.14,258.77,564.97,576.51,119.02,572.78,74.69,20.84,402.4,355.62,231.94,478.32,188.64,519.6,529.52,126.79,306.86,567.26,175.71,172.68,228.72,449.14,36.73,237.47,121.51,525.73,31.33,,217.08,36.38,358.52,282.65,206.31,182.39,557.93,275.46,88.46,141.59,331.3,111.85,202.3,170.09,434.29,228.21,465.63,72.52,92.16,163.46
195.68,347.36,343.32,317.03,190.07,153.88,690.59,290.65,87.81,208.59,365.15,382.51,235.17,227.84,179.29,86.16,321.6,444.53,169.59,223.15,352.03,364.29,373.02,236.47,421.89,179.95,185.11,157.03,232,196.22,373.12,328.9,769.38,627.94,387.11,600.71,185.84,451.42,204.61,604.69,648.71,707.93,132.08,979.53,557.84,284.86,458.45,170.86,500.6,134.25,384.84,78.78,175.81,162.88,383.33,334.64,417.05,782.85,325.2,342.47,144.17,235.57,312.82,266.04,141.14,684.65,97.84,373.79,439.94,91.8,223.11,399.4,80.27,126.7,162.08,655.31,165.62,443.81,239.32,732.07,216.64,216.82,,220.37,190.68,178.15,412.62,103.15,327.62,120.58,127.03,241.1,537.47,228.19,278.17,171.6,288.48,232.66,671.8,278.83,129.25,369.64
290.11,167.32,437.76,86.84,410.04,61.35,466.97,383.86,160.41,72.4,283.03,602.48,455.14,322.28,52.64,130.29,416.04,547.72,264.02,331.19,445.24,548,522.46,330.91,339.76,274.39,36.1,251.47,100.47,42.98,167.18,265.42,574.84,433.4,487.99,470.87,74,227.8,77.76,398.75,425.09,513.38,351.52,784.99,363.3,378.07,252.5,320.26,328.4,202.63,263.83,150.1,105.5,59,532.77,283.77,568.61,588.3,101.58,562.45,78.33,56.16,406.03,359.25,235.58,490.11,192.27,523.23,533.15,130.42,320.68,570.89,179.34,134.59,188.11,431.7,57.44,249.26,156.81,537.53,7.04,37.42,220.71,,362.15,268.84,186.61,186.03,547.59,279.1,102.28,176.88,313.85,136.85,227.3,170.2,437.92,242.03,448.18,84.28,95.8,146.02
75.29,488.95,176.97,458.62,91.15,310.85,799.67,102.78,202.74,365.56,555.76,283.59,136.25,54.64,320.87,258.68,155.25,256.66,104.4,35.28,164.16,210.7,185.15,85.56,612.5,89.67,326.69,121.12,343.38,337.81,484.5,519.51,910.97,769.53,199.25,792.51,342.8,560.49,361.58,716.07,757.78,849.51,173.25,1121.12,699.43,96.99,569.83,57.84,469.38,324.85,575.45,212.72,366.34,304.46,195.47,525.25,231.3,924.43,434.27,243.55,286.49,377.15,124.95,78.17,134.55,826.24,169.92,185.93,252.07,234.12,413.72,233.59,185.84,238.08,255.59,764.39,322.59,585.39,436.88,873.65,358.22,358.4,190.85,361.96,,164.5,554.2,197.14,228.7,88.74,317.56,431.71,646.55,418.8,468.78,362.21,100.62,423.27,780.88,420.41,271.57,478.71
100.84,414.27,178.52,330.05,263.29,247.59,646.48,164.39,128.07,299.82,508.49,455.73,308.39,114.8,251.75,240.47,156.8,348.43,64.54,135.04,245.95,352.59,327.04,81.36,565.23,85.12,252.02,56.22,190.2,263.13,331.32,478.16,704.99,574.89,288.71,717.83,296.93,407.31,306.97,562.89,604.6,654.88,207.44,926.48,549.32,178.78,416.65,130.99,420.72,292.92,485.63,138.04,324.98,229.79,337.36,483.91,373.19,729.8,281.09,415.69,215.64,302.47,206.74,159.96,39.69,631.6,83.63,327.82,315.63,164.36,401.55,375.47,100.12,143.23,82.2,611.21,268.17,510.72,382.28,667.68,283.54,283.73,179.71,268.86,164.63,,403.94,102.29,400.84,109.98,295.01,390.36,493.37,360.35,427.44,320.86,242.5,381.92,627.69,345.74,200.71,325.53
481.79,218.99,580.66,99.33,601.72,253.03,383.8,566.54,352.08,204.57,367.61,798.74,651.4,513.95,244.32,321.97,558.94,739.39,455.7,522.87,636.92,739.68,714.14,483.5,424.34,466.07,227.77,443.14,213.88,221.29,181.38,370.03,358.85,217.41,679.67,522.55,224.35,144.63,209.94,412.95,341.92,297.4,530.95,569,147.31,569.75,266.7,511.94,342.6,394.92,315.51,341.78,255.85,250.68,724.45,463.97,760.28,372.32,124.36,758.71,270.01,186.51,597.71,550.93,427.26,274.12,383.95,714.91,724.83,322.1,508.04,762.57,371.02,320.27,322.88,348.53,237.91,116.16,241.39,321.54,191,205.42,412.39,185.95,553.83,403.6,,361.58,743.85,470.77,289.64,312.94,230.69,317.06,407.5,357.55,629.6,429.38,365.01,133.58,287.47,81.84
125.15,313.78,272.8,235.8,287.81,147.1,604.24,218.91,27.58,199.33,408,480.25,332.91,157.32,145.7,139.98,251.08,382.76,99.06,166.23,280.28,383.04,357.5,165.95,464.74,109.43,151.53,86.51,147.95,162.64,289.08,377.67,662.75,532.65,323.04,617.34,196.44,365.06,206.49,520.65,562.36,612.63,234.93,884.24,524.26,213.11,374.4,155.3,403.59,200.94,385.14,37.55,224.49,129.3,367.81,383.42,403.65,687.55,238.84,440.21,115.15,201.98,241.07,194.29,70.62,589.36,38.59,358.27,368.19,63.87,325.97,405.93,25.41,42.65,65.07,568.96,167.68,410.23,281.79,625.44,183.05,183.24,104.12,186.79,196.28,101.39,361.7,,425.36,134.5,194.52,289.87,451.12,259.86,326.95,220.38,272.96,281.44,585.45,245.25,100.22,283.28
301.14,669.6,393.53,647.8,140.97,490.95,1021.36,251.19,414.48,569.58,583.18,58.19,111.64,273.46,505.96,423.23,371.8,130.65,332.7,261.14,131.92,37.46,61.51,308.47,639.92,317.89,511.79,349.42,558.67,521.27,699.8,546.93,1100.15,958.71,100.7,891.74,546.82,782.18,565.6,931.37,979.47,1038.69,221.8,1310.3,888.61,211.22,785.12,287.45,685.93,352.27,602.87,405.46,506.6,489.56,50.81,552.67,90.21,1113.61,655.96,116.9,475.44,557.8,171.03,233.56,363.92,1015.42,384.31,64.83,151.49,418.48,441.14,72.56,406.95,453.37,485.15,986.08,510.65,774.57,538.52,1062.84,543.31,541.91,327.69,547.05,228.67,400.93,743.39,429.82,,296.47,455.65,459.13,868.24,446.22,496.2,389.63,144.79,450.69,1002.57,609.59,462.65,700.4
104.1,405.72,251.74,375.39,158.82,227.62,726.19,188.54,119.52,282.33,453.26,351.27,203.93,136.26,237.64,175.46,230.02,342.42,98.04,121.04,249.92,296.46,270.91,153.24,509.99,99.2,243.47,88.86,269.9,254.58,411.03,417.01,827.74,686.3,285.01,709.28,259.58,487.01,278.35,642.6,684.31,766.29,102.98,1037.89,616.2,182.75,496.35,68.76,532.72,222.35,472.95,129.49,286.7,221.24,281.23,422.75,317.06,841.21,360.79,311.23,203.27,293.92,210.71,163.93,72.97,743.01,93.36,271.69,337.83,150.9,330.99,319.35,102.62,164.6,194.2,690.91,239.36,502.17,353.65,790.43,275,275.18,109.14,278.73,88.57,109.98,470.98,123.66,296.37,,232.97,329.2,573.07,316.29,366.28,259.71,186.37,320.77,707.4,337.19,188.34,405.23
298.35,215.27,446,193.46,316.79,54.91,567.02,392.11,168.65,101.36,224.64,510.41,363.07,330.52,95.66,54.79,424.28,585.39,272.27,349.87,453.49,492.2,516.25,339.15,281.38,282.63,85.84,259.71,182.54,66.93,270.32,207.09,645.81,504.37,513.83,475.43,73.74,327.84,95.12,501.89,525.14,584.36,242.62,855.96,434.27,386.32,355.64,297.59,431.54,106.59,200.16,158.35,50.38,78.45,505.56,212.84,544.96,659.28,201.62,470.38,99.11,103.47,414.27,367.5,243.82,561.08,200.52,487.5,541.39,131.35,219.71,527.31,187.59,180.19,251.72,531.74,56.31,320.24,113.9,608.5,97.24,87.57,127.03,103.55,317.4,294.53,289.05,194.27,455.52,232.97,,119.29,413.9,65.92,156.37,69.22,415.2,141.05,548.23,155.26,94.21,246.06
393.71,236.53,541.35,217.82,395.77,170.6,605.61,531.51,282.08,133.9,124.78,513.92,366.58,425.87,202.39,150.14,519.63,588.9,367.62,464.01,562.28,495.71,519.76,434.5,181.52,377.99,171.35,355.06,289.28,132.48,326.87,88.53,670.14,528.7,558.96,432.62,106.7,366.43,128.43,558.44,563.72,608.68,246.13,880.29,458.6,525.72,412.19,411.72,488.1,110.1,143.74,272.26,72.88,185.19,509.07,153.88,548.47,683.6,240.21,473.89,205.85,142.05,553.68,506.9,339.18,585.41,295.87,491.01,609.74,226.7,223.19,530.82,300.01,275.55,347.07,570.33,145.57,344.56,79.39,632.83,161.25,141.38,241.1,166.3,431.54,389.88,313.4,289.62,459.03,329.2,119.27,,452.49,53.33,94.63,71.19,529.34,144.53,586.82,179.61,189.56,284.65
576.08,337.35,670.49,270.46,727.15,378.46,153.77,656.37,466.45,348.17,560.04,924.17,776.83,606.77,369.74,447.39,648.77,833.68,549.99,617.16,731.21,833.97,808.42,573.33,577.77,560.36,353.2,537.43,303.71,346.8,271.21,541.19,212.28,82.58,773.96,639.99,349.77,88.03,353.53,299.8,111.89,162.57,656.37,434.17,89.8,664.04,356.53,606.22,432.43,520.34,432.95,457.38,381.27,376.11,818.74,589.4,854.57,237.49,214.19,884.13,395.43,331.94,692,645.22,521.55,139.29,485.7,809.2,807.6,447.53,633.46,856.86,472.52,410.1,412.71,118.49,363.33,206.9,416.7,174.97,318.72,330.93,537.82,313.68,655.57,493.43,231.29,451.41,869.28,572.52,415.06,452.66,,442.48,532.93,482.98,723.89,554.81,134.98,308.88,412.9,171.67
364.25,242.64,511.89,220.83,384.07,117.21,594.39,458,234.54,123.31,178.67,502.22,354.88,396.41,149.01,138.44,490.17,577.2,338.16,452.3,519.38,484,508.06,405.04,235.41,348.53,139.18,325.6,235.89,101.88,297.17,142.42,673.18,531.74,547.25,442.82,100.55,355.21,119.32,528.74,552.51,611.73,234.42,883.33,461.64,452.21,382.49,400.02,458.39,98.39,153.95,224.24,60.33,131.8,497.36,148.16,536.76,686.65,228.99,462.18,152.46,130.84,480.17,433.39,309.72,588.45,266.41,479.31,598.03,204.56,211.48,519.11,253.48,243.21,317.61,559.11,92.18,347.61,90.92,635.87,130.93,111.56,229.4,136.6,419.83,360.42,316.42,260.16,447.33,317.5,65.88,54.62,441.27,,91.69,59.49,517.64,132.83,575.6,182.63,169.93,273.43
430.69,331.12,578.34,311.2,432.75,207.58,684.76,568.49,319.06,213.68,112.88,550.91,403.57,462.85,239.38,187.12,556.62,625.89,404.6,500.99,599.26,532.69,556.74,471.49,169.61,414.97,229.55,392.04,326.26,192.25,387.54,61.68,763.55,622.11,595.94,527.57,190.92,445.58,209.69,619.11,642.88,702.1,283.11,973.7,552.01,562.7,472.86,448.71,548.76,147.08,238.7,309.24,150.7,222.17,546.05,60.67,585.45,777.01,319.36,434.48,242.83,221.21,590.66,543.88,376.16,678.82,332.85,527.99,646.72,263.68,142.76,567.8,337,312.53,384.06,649.48,182.55,437.98,173.98,726.24,221.3,201.93,278.08,226.97,468.52,426.86,406.79,326.61,496.02,366.19,156.25,94.58,531.64,90.31,,108.17,566.32,61.93,665.97,273,226.55,363.8
324.21,283.13,471.86,261.32,326.27,122.78,634.88,462.01,212.58,181.64,195.24,444.43,297.09,356.38,163.52,80.65,450.14,519.41,298.12,394.51,492.78,426.21,450.27,365.01,251.98,308.49,153.7,285.57,250.41,134.8,338.18,158.99,713.67,572.23,489.46,503.81,158.88,395.71,177.66,569.75,593,652.22,176.63,923.82,502.13,456.22,423.5,342.23,499.41,40.6,214.93,202.76,118.66,146.31,439.57,164.74,478.97,727.14,269.49,404.39,132.85,171.33,484.18,437.4,269.68,628.94,226.37,421.51,540.24,157.2,152.82,461.32,230.52,206.05,277.58,599.61,124.18,388.1,150.58,676.36,165.1,155.44,171.6,171.42,362.04,320.38,356.91,220.13,389.54,259.71,69.17,71.19,481.76,58.28,108.26,,459.84,74.16,616.09,223.12,120.07,313.93
152.05,565.5,248.73,535.17,115.53,398.82,876.43,106.4,279.3,451.05,653.39,202.35,160.63,128.67,397.42,356.31,227.01,156.05,181.16,112.04,79.25,110.08,84.54,163.68,710.12,166.43,403.25,197.88,420.14,414.36,561.26,617.13,987.52,846.08,98.63,869.06,440.43,637.25,458.21,792.83,834.54,926.07,270.88,1197.67,775.98,66.43,646.59,134.6,541.14,422.48,673.07,289.27,463.97,381.02,94.85,622.88,130.69,1000.99,511.03,267.94,366.87,453.7,42.65,88.77,211.31,902.79,246.68,85.31,149.41,315.59,511.35,132.97,263.17,314.84,332.35,841.15,419.4,661.95,533.51,950.21,434.78,434.96,288.47,438.51,100.63,242.51,630.76,273.9,145,186.37,415.19,529.33,723.31,516.42,566.41,459.84,,520.9,857.64,496.97,351.94,555.47
385.38,355.11,533.02,333.31,387.44,194.76,706.87,523.18,273.75,255.07,174.47,505.6,358.26,417.54,230.91,141.81,511.3,580.57,359.29,455.68,553.95,487.38,511.43,426.18,231.2,369.66,225.68,346.73,317.79,206.78,410.17,123.27,785.66,644.22,550.63,577.23,232.31,467.69,251.08,641.74,664.98,724.21,237.8,995.81,574.12,517.39,495.49,403.39,571.39,101.77,288.36,263.93,192.09,213.47,500.74,108.25,540.14,799.12,341.47,376.29,194.02,243.31,545.35,498.57,330.85,700.93,287.54,482.68,601.41,218.37,84.58,522.49,291.69,267.22,338.74,671.59,196.16,460.09,224.01,748.35,237.09,227.42,232.77,243.4,423.21,381.55,428.9,281.29,450.7,320.88,141.16,144.62,553.75,131.7,61.59,74.27,521.01,,688.08,295.1,181.23,385.91
709.4,471.65,803.82,403.78,860.47,511.78,23.68,789.69,599.77,481.5,694.34,1057.49,910.15,740.1,503.06,580.71,782.1,967.01,683.31,750.48,864.53,967.29,941.75,706.66,712.07,693.68,486.52,670.75,437.03,480.12,404.53,674.51,139.03,190.35,907.28,774.29,483.09,221.35,486.86,210.01,24.22,197.45,789.7,476.12,224.1,797.36,353.35,739.55,415.52,653.67,567.24,590.7,514.6,509.43,952.06,722.72,987.9,279.43,347.51,1017.46,528.75,465.26,825.32,778.54,654.87,219.89,619.02,942.52,940.93,580.85,766.79,990.18,605.84,543.42,546.03,45.24,496.66,341.2,550.02,101.72,452.05,464.25,671.14,447,788.9,626.76,364.61,584.73,1002.6,705.84,548.39,585.98,134.07,575.81,666.25,616.3,857.21,688.13,,442.21,546.22,305
348.43,85.64,496.08,38.43,468.36,119.67,461.93,442.19,218.73,71.22,234.25,665.39,518.05,380.6,110.96,188.61,474.36,606.04,322.34,389.51,503.56,606.32,580.78,389.23,290.99,332.71,94.42,309.79,197.84,87.93,244.27,236.67,493.13,351.69,546.32,389.2,90.99,222.76,76.58,475.84,420.05,431.68,397.59,703.28,281.59,436.39,329.59,378.58,405.5,261.56,182.15,208.42,122.49,117.32,591.09,330.62,626.93,506.6,105.54,625.35,136.65,53.15,464.35,417.57,293.9,408.4,250.6,581.56,591.47,188.74,374.68,629.21,237.67,225.67,281.71,426.66,104.55,167.56,108.04,455.82,78.03,72.06,279.04,83.7,420.47,344.6,134.01,244.35,610.5,337.42,156.28,179.58,308.82,183.7,274.15,224.2,496.24,296.02,443.14,,154.12,140.98
204.05,222.97,351.69,192.64,318.29,56.28,566.19,297.8,74.34,108.51,313.6,517.42,370.08,236.21,54.89,39.66,329.97,461.65,177.96,245.13,359.18,461.94,436.39,244.84,370.33,188.33,60.71,165.4,141.77,71.83,264.72,277.35,644.99,503.55,401.93,526.52,105.63,327.02,115.67,496.29,524.31,583.53,249.62,855.14,433.45,292.01,350.04,234.19,425.94,112,294.32,64.04,133.68,37.45,446.71,283.09,482.54,658.45,200.8,477.38,18,111.17,319.97,273.19,149.52,560.26,106.21,437.17,447.09,37.04,237.45,484.83,93.28,85.89,157.41,530.92,76.87,319.41,190.97,607.67,92.24,92.42,128.96,95.98,271.43,200.22,288.22,99.96,462.52,188.38,94.19,189.55,413.08,169.05,226.62,120.05,351.86,181.11,547.4,154.43,,245.24
408.27,226.49,502.69,102.65,559.34,210.65,324.73,488.56,298.64,180.37,375.11,756.36,609.02,438.97,201.94,279.59,480.97,665.88,382.18,449.35,563.4,666.16,640.62,405.53,431.84,392.55,185.39,369.63,135.91,178.99,106.48,373.39,383.24,253.14,606.16,530.05,181.97,85.56,185.73,338.05,282.85,333.13,488.57,604.73,227.56,496.23,191.8,438.42,267.7,352.54,323.01,289.57,213.47,208.3,650.93,421.59,686.77,408.05,46.38,716.33,227.63,164.13,524.19,477.41,353.74,309.85,317.89,641.39,639.8,279.72,465.66,689.05,304.71,242.29,244.9,289.45,195.53,196.41,248.89,345.93,150.92,163.12,370.01,145.88,487.77,325.63,82.19,283.6,701.47,404.71,247.26,284.85,171.61,274.68,365.12,315.17,556.08,387,305.94,141.08,245.09,0
